Statement,Header,Field Name,Field Value;
Statement,Data,BrokerName,;
Statement,Data,BrokerAddress,;
Statement,Data,Title,Activity Statement;
"Statement,Data,Period,""January 1, 2024 - December 31, 2024""";
"Statement,Data,WhenGenerated,""2025-04-09, 03:32:30 EDT""";
Account Information,Header,Field Name,Field Value;
Account Information,Data,Name,John Doe;
Account Information,Data,Account,U7212345;
Account Information,Data,Account Type,Individual;
Account Information,Data,Customer Type,Individual;
Account Information,Data,Account Capabilities,Margin;
Account Information,Data,Base Currency,EUR;
Net Asset Value,Header,Asset Class,Prior Total,Current Long,Current Short,Current Total,Change;
Net Asset Value,Data,Cash ,-1390.830775182,192.616853411,-0.000151934,192.616701477,1583.447476659;
Net Asset Value,Data,Collateral Value,1415.600042096,0,0,0,-1415.600042096;
Net Asset Value,Data,Stock,52349.671598,26525.294259,0,26525.294259,-25824.377339;
Net Asset Value,Data,Securities Right To Use,-1415.600042096,0,0,0,1415.600042096;
Net Asset Value,Data,Interest Accruals,-33.2,0,0,0,33.2;
Net Asset Value,Data,Dividend Accruals,94.456516,0,0,0,-94.456516;
Net Asset Value,Data,Total,51020.097338818,26717.911112411,-0.000151934,26717.910960477,-24302.186378341;
Net Asset Value,Header,Time Weighted Rate of Return;
Net Asset Value,Data,11.61020973%;
Change in NAV,Header,Field Name,Field Value;
Change in NAV,Data,Starting Value,51020.097338818;
Change in NAV,Data,Mark-to-Market,3824.32424988;
Change in NAV,Data,Deposits & Withdrawals,-28497.77;
Change in NAV,Data,Dividends,726.7236408;
Change in NAV,Data,Withholding Tax,-85.0238545;
Change in NAV,Data,Change in Dividend Accruals,-96.3811622;
Change in NAV,Data,Interest,-67.1652592;
Change in NAV,Data,Change in Interest Accruals,33.1951978;
Change in NAV,Data,Other Fees,-4.8651412;
Change in NAV,Data,Commissions,-137.09599827;
Change in NAV,Data,Sales Tax,-0.0209;
Change in NAV,Data,Other FX Translations,1.8928482;
Change in NAV,Data,Ending Value,26717.910960477;
Mark-to-Market Performance Summary,Header,Asset Category,Symbol,Prior Quantity,Current Quantity,Prior Price,Current Price,Mark-to-Market P/L Position,Mark-to-Market P/L Transaction,Mark-to-Market P/L Commissions,Mark-to-Market P/L Other,Mark-to-Market P/L Total,Code;
Mark-to-Market Performance Summary,Data,Warrants,HS0PW1,0,0,--,--,-365,-40,-8,0,-413,;
Mark-to-Market Performance Summary,Data,Warrants,JL8KHG,1000,0,0.8200,--,-300,0,-4,0,-304,;
Mark-to-Market Performance Summary,Data,Warrants,JS2GTX,3000,0,0.0270,--,-36,0,-4,0,-40,;
Mark-to-Market Performance Summary,Data,Total,,,,,,-701,-40,-16,0,-757,;
Mark-to-Market Performance Summary,Data,Stocks,ACTd,0,40,--,57.0000,284,-12,-3,0,269,;
Mark-to-Market Performance Summary,Data,Stocks,AG,750,0,6.1500,--,-1032.3921,-24.1350375,-3.58779055,0,-1060.11492805,;
Mark-to-Market Performance Summary,Data,Stocks,BTCWUSD,0,0,--,--,387.837526,57.439416,-8.16433932,0,437.11260268,;
Mark-to-Market Performance Summary,Data,Stocks,CCJ,200,0,43.1000,--,338.60317,-120.374185,-1.94804727,0,216.28093773,;
Mark-to-Market Performance Summary,Data,Stocks,CNDX,0,0,--,--,150.136845,34.42098,-7.4058,0,177.152025,;
Mark-to-Market Performance Summary,Data,Stocks,FLXI,150,150,35.7700,41.8400,910.5,0,0,0,910.5,;
Mark-to-Market Performance Summary,Data,Stocks,FLXK,0,0,--,--,1.2,2.9,-6.75,0,-2.65,;
Mark-to-Market Performance Summary,Data,Stocks,GS71,200,0,16.7320,--,290,-8.4,-3,32.606,311.206,;
Mark-to-Market Performance Summary,Data,Stocks,GSHD,0,20,--,107.2200,575.591118,31.605588,-0.92414,0,606.272566,;
Mark-to-Market Performance Summary,Data,Stocks,HYU,0,40,--,47.6000,-216,-16,-3,151.3448639,-83.6551361,;
Mark-to-Market Performance Summary,Data,Stocks,IBTU,0,0,--,--,-133.2617,-1.104228,-7.35556,309.836114,168.114626,;
Mark-to-Market Performance Summary,Data,Stocks,IOGP,0,0,--,--,117.1032425,-37.2859175,-10.959,0,68.858325,;
Mark-to-Market Performance Summary,Data,Stocks,ISAC,0,0,--,--,428.848755,-28.32773,-14.75248,0,385.768545,;
Mark-to-Market Performance Summary,Data,Stocks,MO,100,0,40.3400,--,8.67711,-5.976295,-0.96439013,62.517924,64.25434887,;
Mark-to-Market Performance Summary,Data,Stocks,NEM,20,0,41.3900,--,-124.063742,1.12538232,-0.92758442,0,-123.8659441,;
Mark-to-Market Performance Summary,Data,Stocks,SXLU,0,100,--,46.4675,908.3793778,4.5279568,-3.71144,0,909.1958946,;
Mark-to-Market Performance Summary,Data,Stocks,TBK,10,0,631.0000,--,100,10,-3.21,0,106.79,;
Mark-to-Market Performance Summary,Data,Stocks,UEQU,0,0,--,--,-18.2,7.7,-6,0,-16.5,;
Mark-to-Market Performance Summary,Data,Stocks,UNVB,100,0,43.8550,--,-50.5,6,-3,0,-47.5,;
Mark-to-Market Performance Summary,Data,Stocks,URNU,0,0,--,--,-120.00608,-43.544142,-7.36724,0,-170.917462,;
Mark-to-Market Performance Summary,Data,Stocks,WPM,350,175,49.3400,56.2400,565.5120975,-43.4430675,-1.00546658,85.8021092,606.86567262,;
Mark-to-Market Performance Summary,Data,Total,,,,,,3371.9656198,-184.87127938,-97.03327827,642.1070111,3732.16807325,;
Mark-to-Market Performance Summary,Data,CFDs,XAGUSD,0,0,--,--,17.348626,-1.4581859,-3.70354,0,12.1869001,;
Mark-to-Market Performance Summary,Data,Total,,,,,,17.348626,-1.4581859,-3.70354,0,12.1869001,;
Mark-to-Market Performance Summary,Data,Forex,AUD,0.000017505,0.000017505,0.61726,0.59769,-0.00000034,0,0,0,-0.00000034,;
Mark-to-Market Performance Summary,Data,Forex,CAD,67.49997758,-0.000025345,0.68388,0.67155,-0.09269814,0.008096,-1.87906,0,-1.96366214,;
Mark-to-Market Performance Summary,Data,Forex,CHF,75.07999705,-0.000032185,1.0766,1.0643,-3.44701052,0.217152,-1.87906,0,-5.10891852,;
Mark-to-Market Performance Summary,Data,Forex,DKK,-0.000278705,-0.000278705,0.13415,0.13409,0.00000002,0,0,0,0.00000002,;
Mark-to-Market Performance Summary,Data,Forex,EUR,-7817.725677186,149.645642814,1.0000,1.0000,0,0,0,0,0,;
Mark-to-Market Performance Summary,Data,Forex,GBP,27.999984659,-0.000026932,1.1536,1.2086,0.10362433,0.436861,-1.87906,0,-1.33857467,;
Mark-to-Market Performance Summary,Data,Forex,HKD,78.01914725,-0.000247225,0.11603,0.12433,0.29488722,0.00862,-1.87906,0,-1.57555278,;
Mark-to-Market Performance Summary,Data,Forex,NOK,0.00003929,0.00003929,0.089042,0.084846,-0.00000017,0,0,0,-0.00000017,;
Mark-to-Market Performance Summary,Data,Forex,RUB,0.000000026,0.000000026,0.010152,0.0085098,0,0,0,0,0,;
Mark-to-Market Performance Summary,Data,Forex,SEK,0.00049761,0.00049761,0.08981,0.087252,-0.00000127,0,0,0,-0.00000127,;
Mark-to-Market Performance Summary,Data,Forex,USD,6907.432760467,44.490043467,0.90606,0.96586,1356.47503123,8.334908,-12.84294,0,1351.96699923,;
Mark-to-Market Performance Summary,Data,Total,,,,,,1353.33383236,9.005637,-20.35918,0,1341.98028936,;
Mark-to-Market Performance Summary,Data,Total (All Assets),,,,,,4041.64807816,-217.32382828,-137.09599827,642.1070111,4329.33526271,;
Mark-to-Market Performance Summary,Data,Broker Interest Paid and Received,,,,,,,,,,-67.1652592,;
Mark-to-Market Performance Summary,Data,Withholding on Interest Received,,,,,,,,,,-0.4072248,;
Mark-to-Market Performance Summary,Data,CFD Interest,,,,,,,,,,-1.1649863,;
Mark-to-Market Performance Summary,Data,Other Fees,,,,,,,,,,-3.7001549,;
Total P/L for Statement Period,,,,,,,,,,,,4257.30486231,;
Realized & Unrealized Performance Summary,Header,Asset Category,Symbol,Cost Adj.,Realized S/T Profit,Realized S/T Loss,Realized L/T Profit,Realized L/T Loss,Realized Total,Unrealized S/T Profit,Unrealized S/T Loss,Unrealized L/T Profit,Unrealized L/T Loss,Unrealized Total,Total,Code;
Realized & Unrealized Performance Summary,Data,Warrants,HS0PW1,0,0,-413,0,0,-413,0,0,0,0,0,-413,;
Realized & Unrealized Performance Summary,Data,Warrants,JL8KHG,0,0,-1408,0,0,-1408,0,0,0,0,0,-1408,;
Realized & Unrealized Performance Summary,Data,Warrants,JS2GTX,0,0,-2771,0,0,-2771,0,0,0,0,0,-2771,;
Realized & Unrealized Performance Summary,Data,Total,,0,0,-4592,0,0,-4592,0,0,0,0,0,-4592,;
Realized & Unrealized Performance Summary,Data,Stocks,ACTd,0,0,0,0,0,0,269,0,0,0,269,269,;
Realized & Unrealized Performance Summary,Data,Stocks,AG,0,0,0,0,-7346.90970315,-7346.90970315,0,0,0,0,0,-7346.90970315,;
Realized & Unrealized Performance Summary,Data,Stocks,BTCWUSD,0,440.73676468,0,0,0,440.73676468,0,0,0,0,0,440.73676468,;
Realized & Unrealized Performance Summary,Data,Stocks,CCJ,0,0,0,5214.91062773,0,5214.91062773,0,0,0,0,0,5214.91062773,;
Realized & Unrealized Performance Summary,Data,Stocks,CNDX,0,179.75265,0,0,0,179.75265,0,0,0,0,0,179.75265,;
Realized & Unrealized Performance Summary,Data,Stocks,FLXI,0,0,0,0,0,0,0,0,1452.5,0,1452.5,1452.5,;
Realized & Unrealized Performance Summary,Data,Stocks,FLXK,0,0,-2.65,0,0,-2.65,0,0,0,0,0,-2.65,;
Realized & Unrealized Performance Summary,Data,Stocks,GS71,0,0,0,394.054537,0,394.054537,0,0,0,0,0,394.054537,;
Realized & Unrealized Performance Summary,Data,Stocks,GSHD,0,0,0,0,0,0,644.035448,0,0,0,644.035448,644.035448,;
Realized & Unrealized Performance Summary,Data,Stocks,HYU,0,0,0,0,0,0,0,-235,0,0,-235,-235,;
Realized & Unrealized Performance Summary,Data,Stocks,IBTU,0,0,-145.39002,0,0,-145.39002,0,0,0,0,0,-145.39002,;
Realized & Unrealized Performance Summary,Data,Stocks,IOGP,0,88.80932,-20.245725,0,0,68.563595,0,0,0,0,0,68.563595,;
Realized & Unrealized Performance Summary,Data,Stocks,ISAC,0,386.110155,0,0,0,386.110155,0,0,0,0,0,386.110155,;
Realized & Unrealized Performance Summary,Data,Stocks,MO,0,0,0,179.24563219,-134.19255082,45.05308137,0,0,0,0,0,45.05308137,;
Realized & Unrealized Performance Summary,Data,Stocks,NEM,0,0,0,0,-614.83099542,-614.83099542,0,0,0,0,0,-614.83099542,;
Realized & Unrealized Performance Summary,Data,Stocks,SXLU,0,0,0,0,0,0,966.101465,0,0,0,966.101465,966.101465,;
Realized & Unrealized Performance Summary,Data,Stocks,TBK,0,0,0,1300.79,0,1300.79,0,0,0,0,0,1300.79,;
Realized & Unrealized Performance Summary,Data,Stocks,UEQU,0,0,-16.5,0,0,-16.5,0,0,0,0,0,-16.5,;
Realized & Unrealized Performance Summary,Data,Stocks,UNVB,0,0,0,0,-614.5252,-614.5252,0,0,0,0,0,-614.5252,;
Realized & Unrealized Performance Summary,Data,Stocks,URNU,0,0,-169.856932,0,0,-169.856932,0,0,0,0,0,-169.856932,;
Realized & Unrealized Performance Summary,Data,Stocks,WPM,0,0,0,1065.07361842,0,1065.07361842,0,0,2638.488055,0,2638.488055,3703.56167342,;
Realized & Unrealized Performance Summary,Data,Total,,0,1095.40888968,-354.642677,8154.07441534,-8710.45844939,184.38217863,1879.136913,-235,4090.988055,0,5735.124968,5919.50714663,;
Realized & Unrealized Performance Summary,Data,CFDs,XAGUSD,0,15.8538399,0,0,0,15.8538399,0,0,0,0,0,15.8538399,;
Realized & Unrealized Performance Summary,Data,Total,,0,15.8538399,0,0,0,15.8538399,0,0,0,0,0,15.8538399,;
Realized & Unrealized Performance Summary,Data,Forex,CAD,0,0,-5.942786,0,0,-5.942786,0,0,0,0,0,-5.942786,;
Realized & Unrealized Performance Summary,Data,Forex,CHF,0,2.414849,0,0,0,2.414849,0,-0.000001,0,0,-0.000001,2.414848,;
Realized & Unrealized Performance Summary,Data,Forex,GBP,0,0.000001,-1.377774,0,0,-1.377773,0,-0.000001,0,0,-0.000001,-1.377774,;
Realized & Unrealized Performance Summary,Data,Forex,HKD,0,0,-2.731015,0,0,-2.731015,0,-0.000001,0,0,-0.000001,-2.731016,;
Realized & Unrealized Performance Summary,Data,Forex,USD,0,173.156307,-217.639458,0,0,-44.483151,0.916469,0,0,0,0.916469,-43.566682,;
Realized & Unrealized Performance Summary,Data,Total,,0,175.571157,-227.691033,0,0,-52.119876,0.916469,-0.000008,0,0,0.916461,-51.203415,;
Realized & Unrealized Performance Summary,Data,Total (All Assets),,0,1286.83388658,-5174.33371,8154.07441534,-8710.45844939,-4443.88385747,1880.053382,-235.000008,4090.988055,0,5736.041429,1292.15757153,;
Cash Report,Header,Currency Summary,Currency,Total,Securities,Futures,;
Cash Report,Data,Starting Cash,Base Currency Summary,-1390.830775182,-1390.830775182,0,;
Cash Report,Data,Commissions,Base Currency Summary,-137.09599827,-137.09599827,0,;
Cash Report,Data,Withdrawals,Base Currency Summary,-28497.77,-28497.77,0,;
Cash Report,Data,Dividends,Base Currency Summary,726.7236408,726.7236408,0,;
Cash Report,Data,Broker Interest Paid and Received,Base Currency Summary,-67.1652592,-67.1652592,0,;
Cash Report,Data,CFD Charges,Base Currency Summary,-1.1649863,-1.1649863,0,;
Cash Report,Data,CFD Realized P/L,Base Currency Summary,15.8538399,15.8538399,0,;
Cash Report,Data,Trades (Sales),Base Currency Summary,89402.36472232,89402.36472232,0,;
Cash Report,Data,Trades (Purchase),Base Currency Summary,-59772.20956665,-59772.20956665,0,;
Cash Report,Data,Other Fees,Base Currency Summary,-3.7001549,-3.7001549,0,;
Cash Report,Data,Withholding Tax,Base Currency Summary,-85.0238545,-85.0238545,0,;
Cash Report,Data,Sales Tax,EUR,-0.0209,-0.0209,0,;
Cash Report,Data,Cash FX Translation Gain/Loss,Base Currency Summary,2.65599346,2.65599346,0,;
Cash Report,Data,Ending Cash,Base Currency Summary,192.616701477,192.616701477,0,;
Cash Report,Data,Ending Settled Cash,Base Currency Summary,192.616701477,192.616701477,0,;
Cash Report,Data,Starting Cash,CAD,67.49997758,67.49997758,0,;
Cash Report,Data,Trades (Purchase),CAD,-67.50000293,-67.50000293,0,;
Cash Report,Data,Ending Cash,CAD,-0.000025345,-0.000025345,0,;
Cash Report,Data,Ending Settled Cash,CAD,-0.000025345,-0.000025345,0,;
Cash Report,Data,Starting Cash,CHF,75.07999705,75.07999705,0,;
Cash Report,Data,Trades (Purchase),CHF,-75.08002923,-75.08002923,0,;
Cash Report,Data,Ending Cash,CHF,-0.000032185,-0.000032185,0,;
Cash Report,Data,Ending Settled Cash,CHF,-0.000032185,-0.000032185,0,;
Cash Report,Data,Starting Cash,EUR,-7817.725677186,-7817.725677186,0,;
Cash Report,Data,Commissions,EUR,-64.31918,-64.31918,0,;
Cash Report,Data,Withdrawals,EUR,-28497.77,-28497.77,0,;
Cash Report,Data,Broker Interest Paid and Received,EUR,-69.22,-69.22,0,;
Cash Report,Data,Trades (Sales),EUR,43361.6014,43361.6014,0,;
Cash Report,Data,Trades (Purchase),EUR,-6762.9,-6762.9,0,;
Cash Report,Data,Sales Tax,EUR,-0.0209,-0.0209,0,;
Cash Report,Data,Ending Cash,EUR,149.645642814,149.645642814,0,;
Cash Report,Data,Ending Settled Cash,EUR,149.645642814,149.645642814,0,;
Cash Report,Data,Starting Cash,GBP,27.999984659,27.999984659,0,;
Cash Report,Data,Dividends,GBP,28,28,0,;
Cash Report,Data,Trades (Purchase),GBP,-56.00001159,-56.00001159,0,;
Cash Report,Data,Ending Cash,GBP,-0.000026932,-0.000026932,0,;
Cash Report,Data,Ending Settled Cash,GBP,-0.000026932,-0.000026932,0,;
Cash Report,Data,Starting Cash,HKD,78.01914725,78.01914725,0,;
Cash Report,Data,Trades (Purchase),HKD,-78.01939447,-78.01939447,0,;
Cash Report,Data,Ending Cash,HKD,-0.000247225,-0.000247225,0,;
Cash Report,Data,Ending Settled Cash,HKD,-0.000247225,-0.000247225,0,;
Cash Report,Data,Starting Cash,USD,6907.432760467,6907.432760467,0,;
Cash Report,Data,Commissions,USD,-78.96565876,-78.96565876,0,;
Cash Report,Data,Dividends,USD,756.24,756.24,0,;
Cash Report,Data,Broker Interest Paid and Received,USD,2.22,2.22,0,;
Cash Report,Data,CFD Charges,USD,-1.26,-1.26,0,;
Cash Report,Data,CFD Realized P/L,USD,17.23,17.23,0,;
Cash Report,Data,Trades (Sales),USD,49951.324,49951.324,0,;
Cash Report,Data,Trades (Purchase),USD,-57413.84105824,-57413.84105824,0,;
Cash Report,Data,Other Fees,USD,-3.99,-3.99,0,;
Cash Report,Data,Withholding Tax,USD,-91.9,-91.9,0,;
Cash Report,Data,Ending Cash,USD,44.490043467,44.490043467,0,;
Cash Report,Data,Ending Settled Cash,USD,44.490043467,44.490043467,0,;
Open Positions,Header,DataDiscriminator,Asset Category,Currency,Symbol,Quantity,Mult,Cost Price,Cost Basis,Close Price,Value,Unrealized P/L,Code;
Open Positions,Data,Summary,Stocks,EUR,ACTd,40,1,50.275,2011,57,2280,269,;
Open Positions,Data,Summary,Stocks,EUR,FLXI,150,1,32.156666667,4823.5,41.84,6276,1452.5,;
Open Positions,Data,Summary,Stocks,EUR,HYU,40,1,53.475,2139,47.6,1904,-235,;
Open Positions,Total,,Stocks,EUR,,,,,8973.5,,10460,1486.5,;
Open Positions,Data,Summary,Stocks,USD,GSHD,20,1,73.88,1477.6,107.22,2144.4,666.8,;
Open Positions,Data,Summary,Stocks,USD,SXLU,100,1,36.465,3646.5,46.4675,4646.75,1000.25,;
Open Positions,Data,Summary,Stocks,USD,WPM,175,1,40.63,7110.25,56.24,9842,2731.75,;
Open Positions,Total,,Stocks,USD,,,,,12234.35,,16633.15,4398.8,;
Open Positions,Total,,Stocks,EUR,,,,,11816.669291,,16065.294259,4248.624968,;
Open Positions,Total,,Stocks,EUR,,,,,20790.169291,,26525.294259,5735.124968,;
Forex Balances,Header,Asset Category,Currency,Description,Quantity,Cost Price,Cost Basis in EUR,Close Price,Value in EUR,Unrealized P/L in EUR,Code;
Forex Balances,Data,Forex,EUR,EUR,149.645642814,0,-149.645642814,1,149.645642814,0,;
Forex Balances,Data,Forex,EUR,USD,44.490047,0.945260588,-42.054688,0.96586,42.971157,0.916469,;
Forex Balances,Data,Total,,,,,-191.700239814,,192.616702814,0.916461,;
Net Stock Position Summary,Header,Asset Category,Currency,Symbol,Description,Shares at IB,Shares Borrowed,Shares Lent,Net Shares;
Net Stock Position Summary,Data,Stocks,EUR,ACTd,ALZCHEM GROUP AG,40,0,0,40;
Net Stock Position Summary,Data,Stocks,EUR,FLXI,FRK FTSE INDIA UCITS ETF,150,0,0,150;
Net Stock Position Summary,Data,Stocks,EUR,HYU,HYUNDAI MOTOR CO-REG S GDR,40,0,0,40;
Net Stock Position Summary,Data,Stocks,USD,GSHD,GOOSEHEAD INSURANCE INC -A,20,0,0,20;
Net Stock Position Summary,Data,Stocks,USD,SXLU,SPDR S&P US UTILITIES SELECT,100,0,0,100;
Net Stock Position Summary,Data,Stocks,USD,WPM,WHEATON PRECIOUS METALS CORP,175,0,0,175;
Trades,Header,DataDiscriminator,Asset Category,Currency,Symbol,Date/Time,Quantity,T. Price,C. Price,Proceeds,Comm/Fee,Basis,Realized P/L,MTM P/L,Code;
"Trades,Data,Order,Warrants,EUR,HS0PW1,""2024-02-21, 07:04:51"",500,2.04,1.9,-1020,-4,1024,0,-70,O";
"Trades,Data,Order,Warrants,EUR,HS0PW1,""2024-02-22, 02:08:13"",-500,1.23,1.17,615,-4,-1024,-413,30,C";
Trades,SubTotal,,Warrants,EUR,HS0PW1,,0,,,-405,-8,0,-413,-40,;
"Trades,Data,Order,Warrants,EUR,JL8KHG,""2024-01-18, 09:51:33"",""-1,000"",0.52,0.52,520,-4,-1924,-1408,0,C";
Trades,SubTotal,,Warrants,EUR,JL8KHG,,-1000,,,520,-4,-1924,-1408,0,;
"Trades,Data,Order,Warrants,EUR,JS2GTX,""2024-01-18, 09:52:05"",""-3,000"",0.015,0.015,45,-4,-2812,-2770.999999,0,C";
Trades,SubTotal,,Warrants,EUR,JS2GTX,,-3000,,,45,-4,-2812,-2770.999999,0,;
Trades,Total,,Warrants,EUR,,,,,,160,-16,-4736,-4591.999999,-40, ;
Trades,Header,DataDiscriminator,Asset Category,Currency,Symbol,Date/Time,Quantity,T. Price,C. Price,Proceeds,Comm/Fee,Basis,Realized P/L,MTM P/L,Code;
"Trades,Data,Order,Stocks,EUR,ACTd,""2024-09-02, 10:08:06"",40,50.2,49.9,-2008,-3,2011,0,-12,O";
Trades,SubTotal,,Stocks,EUR,ACTd,,40,,,-2008,-3,2011,0,-12,;
"Trades,Data,Order,Stocks,EUR,FLXK,""2024-03-11, 06:16:53"",20,31.65,31.685,-633,-3.75,636.75,0,0.7,O";
"Trades,Data,Order,Stocks,EUR,FLXK,""2024-07-19, 05:31:17"",-20,31.855,31.745,637.1,-3,-636.75,-2.65,2.2,C";
Trades,SubTotal,,Stocks,EUR,FLXK,,0,,,4.1,-6.75,0,-2.65,2.9,;
"Trades,Data,Order,Stocks,EUR,GS71,""2024-01-18, 09:53:10"",-200,18.14,18.182,3628,-3,-3230.945463,394.054537,-8.4,C";
Trades,SubTotal,,Stocks,EUR,GS71,,-200,,,3628,-3,-3230.945463,394.054537,-8.4,;
"Trades,Data,Order,Stocks,EUR,HYU,""2024-02-26, 03:35:54"",40,53.4,53,-2136,-3,2139,0,-16,O";
Trades,SubTotal,,Stocks,EUR,HYU,,40,,,-2136,-3,2139,0,-16,;
"Trades,Data,Order,Stocks,EUR,TBK,""2024-01-18, 09:55:20"",-10,642,641,6420,-3.21,-5116,1300.79,10,C";
Trades,SubTotal,,Stocks,EUR,TBK,,-10,,,6420,-3.21,-5116,1300.79,10,;
"Trades,Data,Order,Stocks,EUR,UEQU,""2024-04-05, 04:55:13"",5,193.18,194.04,-965.9,-3,968.9,0,4.3,O";
"Trades,Data,Order,Stocks,EUR,UEQU,""2024-07-19, 05:32:55"",-5,191.08,190.4,955.4,-3,-968.9,-16.5,3.4,C";
Trades,SubTotal,,Stocks,EUR,UEQU,,0,,,-10.5,-6,0,-16.5,7.7,;
"Trades,Data,Order,Stocks,EUR,UNVB,""2024-01-18, 09:53:32"",-100,43.41,43.35,4341,-3,-4952.5252,-614.5252,6,C";
Trades,SubTotal,,Stocks,EUR,UNVB,,-100,,,4341,-3,-4952.5252,-614.5252,6,;
Trades,Total,,Stocks,EUR,,,,,,10238.6,-27.96,-9149.470663,1061.169337,-9.8, ;
"Trades,Data,Order,Stocks,USD,AG,""2024-01-18, 09:50:57"",-750,4.615,4.65,3461.25,-3.90219,-11448.07,-7990.72219,-26.25,C";P
Trades,SubTotal,,Stocks,USD,AG,,-750,,,3461.25,-3.90219,-11448.07,-7990.72219,-26.25,;
"Trades,Data,Order,Stocks,USD,BTCWUSD,""2024-01-24, 03:43:12"",200,9.591,9.618,-1918.2,-4,1922.2,0,5.4,O";
"Trades,Data,Order,Stocks,USD,BTCWUSD,""2024-02-13, 05:47:41"",-200,11.995,11.714,2399,-4.807919768,-1922.2,471.99208,56.2,C";
Trades,SubTotal,,Stocks,USD,BTCWUSD,,0,,,480.8,-8.807919768,0,471.99208,61.6,;
"Trades,Data,Order,Stocks,USD,CCJ,""2024-01-18, 12:16:30"",-100,46.81,47.81,4681,-1.054048,-1605.5,3074.445952,-100,C";
"Trades,Data,Order,Stocks,USD,CCJ,""2024-02-14, 12:21:15"",-100,41.945,42.25,4194.5,-1.050156,-1631.5,2561.949844,-30.5,C";
Trades,SubTotal,,Stocks,USD,CCJ,,-200,,,8875.5,-2.104204,-3237,5636.395796,-130.5,;
"Trades,Data,Order,Stocks,USD,CNDX,""2024-01-19, 03:00:51"",5,972.3,973.9,-4861.5,-4,4865.5,0,8,O";
"Trades,Data,Order,Stocks,USD,CNDX,""2024-02-13, 05:58:26"",-5,1012.4,1006.6,5062,-4,-4865.5,192.5,29,C";
Trades,SubTotal,,Stocks,USD,CNDX,,0,,,200.5,-8,0,192.5,37,;
"Trades,Data,Order,Stocks,USD,GSHD,""2024-02-23, 10:09:17"",20,73.83,75.54,-1476.6,-1,1477.6,0,34.2,O";
Trades,SubTotal,,Stocks,USD,GSHD,,20,,,-1476.6,-1,1477.6,0,34.2,;
"Trades,Data,Order,Stocks,USD,IBTU,""2024-01-24, 03:32:58"",""1,000"",5.107,5.107,-5107,-4,5111,0,0,O";P
"Trades,Data,Order,Stocks,USD,IBTU,""2024-10-18, 11:16:46"",""-1,000"",4.957,4.9582,4957,-4,-5111,-158,-1.2,C";
Trades,SubTotal,,Stocks,USD,IBTU,,0,,,-150,-8,0,-158,-1.2,;
"Trades,Data,Order,Stocks,USD,IOGP,""2024-01-31, 08:24:53"",100,25.33,25.075,-2533,-4,2537,0,-25.5,O";
"Trades,Data,Order,Stocks,USD,IOGP,""2024-03-20, 12:20:40"",-50,27.39,27.38,1369.5,-4,-1268.5,97,0.5,C";
"Trades,Data,Order,Stocks,USD,IOGP,""2024-09-17, 09:34:56"",-50,25,25.315,1250,-4,-1268.5,-22.5,-15.75,C";IA
Trades,SubTotal,,Stocks,USD,IOGP,,0,,,86.5,-12,0,74.5,-40.75,;
"Trades,Data,Order,Stocks,USD,ISAC,""2024-02-15, 05:29:30"",50,77.95,77.95,-3897.5,-4,3901.5,0,0,IA";O
"Trades,Data,Order,Stocks,USD,ISAC,""2024-02-16, 06:16:30"",50,78.64,78.46,-3932,-4,3936,0,-9,O";
"Trades,Data,Order,Stocks,USD,ISAC,""2024-07-19, 05:33:44"",-50,85.52,85.14,4276,-4,-3901.5,370.5,19,C";IA
"Trades,Data,Order,Stocks,USD,ISAC,""2024-08-05, 03:02:04"",-50,79.8,80.62,3990,-4,-3936,50,-41,C";P
Trades,SubTotal,,Stocks,USD,ISAC,,0,,,436.5,-16,0,420.5,-31,;
"Trades,Data,Order,Stocks,USD,MO,""2024-01-18, 09:55:06"",-100,40.375,40.44,4037.5,-1.0489,-3987.45,49.0011,-6.5,C";
Trades,SubTotal,,Stocks,USD,MO,,-100,,,4037.5,-1.0489,-3987.45,49.0011,-6.5,;
"Trades,Data,Order,Stocks,USD,NEM,""2024-01-18, 09:52:30"",-20,34.6812,34.62,693.624,-1.008868992,-1361.324,-668.708869,1.224,C";
Trades,SubTotal,,Stocks,USD,NEM,,-20,,,693.624,-1.008868992,-1361.324,-668.708869,1.224,;
"Trades,Data,Order,Stocks,USD,SXLU,""2024-02-16, 06:14:22"",100,36.425,36.4738,-3642.5,-4,3646.5,0,4.88,O";
Trades,SubTotal,,Stocks,USD,SXLU,,100,,,-3642.5,-4,3646.5,0,4.88,;
"Trades,Data,Order,Stocks,USD,URNU,""2024-01-19, 05:24:51"",100,16.9,16.498,-1690,-4,1694,0,-40.2,O";
"Trades,Data,Order,Stocks,USD,URNU,""2024-02-23, 10:09:48"",-100,15.142,15.214,1514.2,-4,-1694,-183.8,-7.2,C";
Trades,SubTotal,,Stocks,USD,URNU,,0,,,-175.8,-8,0,-183.8,-47.4,;
"Trades,Data,Order,Stocks,USD,WPM,""2024-01-18, 09:56:40"",-175,46.09,46.36,8065.75,-1.093576,-6906.25,1158.406424,-47.25,C";P
Trades,SubTotal,,Stocks,USD,WPM,,-175,,,8065.75,-1.093576,-6906.25,1158.406424,-47.25,;
Trades,Total,,Stocks,USD,,,,,,20893.024,-74.96565876,-21815.994,-997.935659,-191.946, ;
Trades,Total,,Stocks,EUR,,,,,,19222.54951832,-69.07327827,-20030.26339842,-876.787158594,-175.07127938, ;
Trades,Header,DataDiscriminator,Asset Category,Currency,Symbol,Date/Time,Quantity,T. Price,C. Price,Notional Value,Comm/Fee,Basis,Realized P/L,MTM P/L,Code;
"Trades,Data,Order,CFDs,USD,XAGUSD,""2024-06-24, 04:00:16"",10,29.698,29.58,-296.98,-2,296.98,0,0,O";
"Trades,Data,Order,CFDs,USD,XAGUSD,""2024-07-11, 14:11:35"",-10,31.421,31.46,314.21,-2,-296.98,17.23,0,C";
Trades,SubTotal,,CFDs,USD,XAGUSD,,0,,,17.23,-4,0,17.23,0,;
Trades,Total,,CFDs,USD,,,,,,17.23,-4,0,17.23,0, ;
Trades,Total,,CFDs,EUR,,,,,,12.4356001,-3.70354,3.4182398,15.8538399,0, ;
Trades,Header,DataDiscriminator,Asset Category,Currency,Symbol,Date/Time,Quantity,T. Price,,Proceeds,Comm in EUR,,,MTM in EUR,Code;
"Trades,Data,Order,Forex,CAD,EUR.CAD,""2024-04-19, 04:51:40"",45.73,1.46495,,-66.9921635,-1.87906,,,0.007178,";
"Trades,Data,Order,Forex,CAD,EUR.CAD,""2024-04-23, 20:50:52"",0.3473,1.46225,,-0.507839425,0,,,0.000918,";
Trades,SubTotal,,Forex,CAD,EUR.CAD,,46.0773,,,-67.500002925,-1.87906,,,0.008096,;
Trades,Total,,Forex,CAD,,,,,,-67.500002925,-1.87906,,,0.008096, ;
Trades,Total,,Forex,EUR,,,,,,-46.069203547,-1.87906,,,0.008096, ;
"Trades,Data,Order,Forex,CHF,EUR.CHF,""2024-04-19, 04:52:12"",77.51,0.9675,,-74.990925,-1.87906,,,0.216854,";
"Trades,Data,Order,Forex,CHF,EUR.CHF,""2024-04-23, 20:50:52"",0.0913,0.97595,,-0.089104235,0,,,0.000298,";
Trades,SubTotal,,Forex,CHF,EUR.CHF,,77.6013,,,-75.080029235,-1.87906,,,0.217152,;
Trades,Total,,Forex,CHF,,,,,,-75.080029235,-1.87906,,,0.217152, ;
Trades,Total,,Forex,EUR,,,,,,-77.384148553,-1.87906,,,0.217152, ;
"Trades,Data,Order,Forex,GBP,EUR.GBP,""2024-04-19, 04:51:20"",65.44,0.85565,,-55.993736,-1.87906,,,0.436872,";
"Trades,Data,Order,Forex,GBP,EUR.GBP,""2024-04-23, 20:50:52"",0.0073,0.85967,,-0.006275591,0,,,-0.000011,";
Trades,SubTotal,,Forex,GBP,EUR.GBP,,65.4473,,,-56.000011591,-1.87906,,,0.436861,;
Trades,Total,,Forex,GBP,,,,,,-56.000011591,-1.87906,,,0.436861, ;
Trades,Total,,Forex,EUR,,,,,,-65.010439186,-1.87906,,,0.436861, ;
"Trades,Data,Order,Forex,HKD,EUR.HKD,""2024-04-19, 04:51:58"",9.35,8.33885,,-77.9682475,-1.87906,,,0.008624,";
"Trades,Data,Order,Forex,HKD,EUR.HKD,""2024-04-23, 20:50:52"",0.0061,8.38475,,-0.051146975,0,,,-0.000004,";
Trades,SubTotal,,Forex,HKD,EUR.HKD,,9.3561,,,-78.019394475,-1.87906,,,0.00862,;
Trades,Total,,Forex,HKD,,,,,,-78.019394475,-1.87906,,,0.00862, ;
Trades,Total,,Forex,EUR,,,,,,-9.347479613,-1.87906,,,0.00862, ;
"Trades,Data,Order,Forex,USD,EUR.USD,""2024-01-18, 10:14:46"",""8,000"",1.0862,,-8689.6,-1.8378,,,10.521072,";
"Trades,Data,Order,Forex,USD,EUR.USD,""2024-04-19, 04:53:20"",""4,510.4"",1.06465,,-4801.99736,-1.87906,,,4.157657,";
"Trades,Data,Order,Forex,USD,EUR.USD,""2024-04-23, 20:50:52"",0.4987,1.07025,,-0.533733675,0,,,-0.00016,";
"Trades,Data,Order,Forex,USD,EUR.USD,""2024-07-22, 07:25:59"",""1,837.13"",1.08865,,-1999.9915745,-1.83782,,,0.797736,";
"Trades,Data,Order,Forex,USD,EUR.USD,""2024-08-20, 11:51:48"",""3,061.13"",1.1107,,-3399.997091,-1.80416,,,6.300614,";
"Trades,Data,Order,Forex,USD,EUR.USD,""2024-09-30, 03:35:38"",""4,040.31"",1.11625,,-4509.9960375,-1.79154,,,-9.891941,";
"Trades,Data,Order,Forex,USD,EUR.USD,""2024-10-02, 21:01:18"",0.385,1.10455,,-0.42525175,0,,,-0.000512,";
"Trades,Data,Order,Forex,USD,EUR.USD,""2024-10-18, 11:31:30"",""2,000"",1.08605,,-2172.1,-1.84652,,,1.255301,";
"Trades,Data,Order,Forex,USD,EUR.USD,""2024-11-04, 08:40:07"",""2,550.92"",1.0898,,-2779.992616,-1.84604,,,-4.810612,";
"Trades,Data,Order,Forex,USD,EUR.USD,""2024-11-06, 20:23:49"",0.8457,1.07295,,-0.907393815,0,,,0.005753,";
Trades,SubTotal,,Forex,USD,EUR.USD,,26001.6194,,,-28355.54105824,-12.84294,,,8.334908,;
Trades,Total,,Forex,USD,,,,,,-28355.54105824,-12.84294,,,8.334908, ;
Trades,Total,,Forex,EUR,,,,,,-25993.284491745,-12.84294,,,8.334908, ;
Corporate Actions,Header,Asset Category,Currency,Report Date,Date/Time,Description,Quantity,Proceeds,Value,Realized P/L,Code;
"Corporate Actions,Data,Stocks,EUR,2024-02-14,""2023-12-08, 20:20:00"",""UNA.DRTS(NL0015001S78) Expire Dividend Right (UNA.DRTS, UNILEVER PLC - DIVIDEND RIGHTS 08/12/23, NL0015001S78)"",-1,0,0,0,";
"Corporate Actions,Data,Stocks,EUR,2024-02-14,""2023-12-08, 20:20:00"",""UNA.DRTS(NL0015001S78) Expire Dividend Right (UNA.DRTS, UNILEVER PLC - DIVIDEND RIGHTS 08/12/23, NL0015001S78)"",100,0,0,0,";
"Corporate Actions,Data,Stocks,EUR,2024-02-14,""2023-12-08, 20:20:00"",""UNA.DRTS(NL0015001S78) Expire Dividend Right (UNA.DRTS, UNILEVER PLC - DIVIDEND RIGHTS 08/12/23, NL0015001S78)"",-99,0,0,0,";
"Corporate Actions,Data,Stocks,EUR,2024-10-17,""2023-12-08, 20:20:00"",""UNA.DRTS(NL0015001S78) Expire Dividend Right (UNA.DRTS, UNILEVER PLC - DIVIDEND RIGHTS 08/12/23, NL0015001S78)"",99,0,0,0,";
"Corporate Actions,Data,Stocks,EUR,2024-10-17,""2023-12-08, 20:20:00"",""UNA.DRTS(NL0015001S78) Expire Dividend Right (UNA.DRTS, UNILEVER PLC - DIVIDEND RIGHTS 08/12/23, NL0015001S78)"",-100,0,0,0,";
"Corporate Actions,Data,Stocks,EUR,2024-10-17,""2023-12-08, 20:20:00"",""UNA.DRTS(NL0015001S78) Expire Dividend Right (UNA.DRTS, UNILEVER PLC - DIVIDEND RIGHTS 08/12/23, NL0015001S78)"",1,0,0,0,";
Corporate Actions,Data,Total,,,,,,0,0,0,;
Deposits & Withdrawals,Header,Currency,Settle Date,Description,Amount;
Deposits & Withdrawals,Data,EUR,2024-01-22,Disbursement Initiated by John Doe,-10000;
Deposits & Withdrawals,Data,EUR,2024-04-23,Disbursement Initiated by John Doe,-5500;
Deposits & Withdrawals,Data,EUR,2024-07-24,Disbursement Initiated by John Doe,-2500;
Deposits & Withdrawals,Data,EUR,2024-08-22,Disbursement Initiated by John Doe,-4000;
Deposits & Withdrawals,Data,EUR,2024-10-02,Disbursement Initiated by John Doe,-2100;
Deposits & Withdrawals,Data,EUR,2024-10-22,Disbursement Initiated by John Doe,-1997.77;
Deposits & Withdrawals,Data,EUR,2024-11-06,Disbursement Initiated by John Doe,-2400;
Deposits & Withdrawals,Data,Total,,,-28497.77;
Fees,Header,Subtitle,Currency,Date,Description,Amount;
Fees,Data,Other Fees,EUR,2024-05-02,J******77:GLOBAL SNAPSHOT FOR APR 2024,-0.03;
Fees,Data,Other Fees,EUR,2024-05-02,J******77:GLOBAL SNAPSHOT FOR APR 2024,0.03;
Fees,Data,Other Fees,EUR,2024-10-02,J******77:GLOBAL SNAPSHOT FOR SEP 2024,-0.08;
Fees,Data,Other Fees,EUR,2024-10-02,J******77:GLOBAL SNAPSHOT FOR SEP 2024,0.08;
Fees,Data,Total,,,,0;
Fees,Data,Other Fees,USD,2024-04-26,HYU(USY384721251) Cash Dividend USD 3.032695 per Share - FEE,-0.8;
Fees,Data,Other Fees,USD,2024-05-21,HYU(USY384721251) Cash Dividend USD 0.729298 per Share - FEE,-0.8;
Fees,Data,Other Fees,USD,2024-06-24,HYU(USY384721251) ADR Fee USD 0.02 per Share,-0.79;
Fees,Data,Other Fees,USD,2024-06-26,Long Index CFD Interest for 26-JUN-2024,-0.06;
Fees,Data,Other Fees,USD,2024-06-27,Long Index CFD Interest for 27-JUN-2024,-0.06;
Fees,Data,Other Fees,USD,2024-06-28,Long Index CFD Interest for 28-JUN-2024,-0.06;
Fees,Data,Other Fees,USD,2024-06-29,Long Index CFD Interest for 29-JUN-2024,-0.06;
Fees,Data,Other Fees,USD,2024-06-30,Long Index CFD Interest for 30-JUN-2024,-0.06;
Fees,Data,Other Fees,USD,2024-07-01,Long Index CFD Interest for 01-JUL-2024,-0.06;
Fees,Data,Other Fees,USD,2024-07-02,Long Index CFD Interest for 02-JUL-2024,-0.06;
Fees,Data,Other Fees,USD,2024-07-03,Long Index CFD Interest for 03-JUL-2024,-0.07;
Fees,Data,Other Fees,USD,2024-07-04,Long Index CFD Interest for 04-JUL-2024,-0.07;
Fees,Data,Other Fees,USD,2024-07-05,Long Index CFD Interest for 05-JUL-2024,-0.07;
Fees,Data,Other Fees,USD,2024-07-06,Long Index CFD Interest for 06-JUL-2024,-0.07;
Fees,Data,Other Fees,USD,2024-07-07,Long Index CFD Interest for 07-JUL-2024,-0.07;
Fees,Data,Other Fees,USD,2024-07-08,Long Index CFD Interest for 08-JUL-2024,-0.07;
Fees,Data,Other Fees,USD,2024-07-09,Long Index CFD Interest for 09-JUL-2024,-0.07;
Fees,Data,Other Fees,USD,2024-07-10,Long Index CFD Interest for 10-JUL-2024,-0.07;
Fees,Data,Other Fees,USD,2024-07-11,Long Index CFD Interest for 11-JUL-2024,-0.07;
Fees,Data,Other Fees,USD,2024-07-12,Long Index CFD Interest for 12-JUL-2024,-0.07;
Fees,Data,Other Fees,USD,2024-07-13,Long Index CFD Interest for 13-JUL-2024,-0.07;
Fees,Data,Other Fees,USD,2024-07-14,Long Index CFD Interest for 14-JUL-2024,-0.07;
Fees,Data,Other Fees,USD,2024-08-20,HYU(USY384721251) Cash Dividend USD 0.728767 per Share - FEE,-0.8;
Fees,Data,Other Fees,USD,2024-11-19,HYU(USY384721251) Cash Dividend USD 0.712489 per Share - FEE,-0.8;
Fees,Data,Total,,,,-5.25;
Fees,Data,Total in EUR,,,,-4.8651412;
Fees,Data,Total Other Fees in EUR,,,,-4.8651412;
"Fees,Notes,""Market data is provided by Global Financial Information Services (GmbH). Your local broker collects amounts owed for fees and tax for such data on behalf of Global Financial Information Services (GmbH). Note, you are responsible for any applicable taxes relating to the provision of these services.""";
Dividends,Header,Currency,Date,Description,Amount;
Dividends,Data,EUR,2023-12-08,UNA.DRTS(NL0015001S78) Payment in Lieu of Dividend (Ordinary Dividend),0.43;
Dividends,Data,EUR,2023-12-08,UNA.DRTS(NL0015001S78) Expire Dividend Right - REVERSAL (Ordinary Dividend),-42.68;
Dividends,Data,EUR,2023-12-08,UNA.DRTS(NL0015001S78) Expire Dividend Right (Ordinary Dividend),42.25;
Dividends,Data,EUR,2023-12-08,UNA.DRTS(NL0015001S78) Expire Dividend Right - REVERSAL (Ordinary Dividend),-42.25;
Dividends,Data,EUR,2023-12-08,UNA.DRTS(NL0015001S78) Expire Dividend Right (Ordinary Dividend),42.68;
Dividends,Data,EUR,2023-12-08,UNA.DRTS(NL0015001S78) Payment in Lieu of Dividend - Reversal (Ordinary Dividend),-0.43;
Dividends,Data,Total,,,0;
Dividends,Data,GBP,2024-01-11,GS71(GB00BN7SWP63) Cash Dividend GBP 0.14 per Share (Ordinary Dividend),28;
Dividends,Data,Total,,,28;
Dividends,Data,Total in EUR,,,32.606;
Dividends,Data,USD,2024-01-10,MO(US02209S1033) Cash Dividend USD 0.98 per Share (Ordinary Dividend),98;
Dividends,Data,USD,2024-03-27,IBTU(IE00BGR7L912) Cash Dividend USD 0.1302 per Share (Mixed Income),130.2;
Dividends,Data,USD,2024-04-15,WPM(CA9628791027) Cash Dividend USD 0.155 per Share (Ordinary Dividend),27.13;
Dividends,Data,USD,2024-04-26,HYU(USY384721251) Cash Dividend USD 3.032695 per Share (Ordinary Dividend),121.31;
Dividends,Data,USD,2024-05-21,HYU(USY384721251) Cash Dividend USD 0.729298 per Share (Ordinary Dividend),29.17;
Dividends,Data,USD,2024-06-11,WPM(CA9628791027) Cash Dividend USD 0.155 per Share (Ordinary Dividend),27.12;
Dividends,Data,USD,2024-08-20,HYU(USY384721251) Cash Dividend USD 0.728767 per Share (Ordinary Dividend),29.15;
Dividends,Data,USD,2024-09-04,WPM(CA9628791027) Cash Dividend USD 0.155 per Share (Ordinary Dividend),27.13;
Dividends,Data,USD,2024-09-25,IBTU(IE00BGR7L912) Cash Dividend USD 0.2114 per Share (Mixed Income),211.4;
Dividends,Data,USD,2024-11-19,HYU(USY384721251) Cash Dividend USD 0.712489 per Share (Ordinary Dividend),28.5;
Dividends,Data,USD,2024-12-06,WPM(CA9628791027) Cash Dividend USD 0.155 per Share (Ordinary Dividend),27.13;
Dividends,Data,Total,,,756.24;
Dividends,Data,Total in EUR,,,694.1176408;
Dividends,Data,Total Dividends in EUR,,,726.7236408;
Withholding Tax,Header,Currency,Date,Description,Amount,Code;
Withholding Tax,Data,USD,2024-01-10,MO(US02209S1033) Cash Dividend USD 0.98 per Share - US Tax,-29.4,;
Withholding Tax,Data,USD,2024-02-05,Withholding @ 20% on Credit Interest for Jan-2024,-0.2,;
Withholding Tax,Data,USD,2024-03-05,Withholding @ 20% on Credit Interest for Feb-2024,-0.24,;
Withholding Tax,Data,USD,2024-04-15,WPM(CA9628791027) Cash Dividend USD 0.155 per Share - CA Tax,-4.07,;
Withholding Tax,Data,USD,2024-04-26,HYU(USY384721251) Cash Dividend USD 3.032695 per Share - KR Tax,-26.69,;
Withholding Tax,Data,USD,2024-05-21,HYU(USY384721251) Cash Dividend USD 0.729298 per Share - KR Tax,-6.42,;
Withholding Tax,Data,USD,2024-06-11,WPM(CA9628791027) Cash Dividend USD 0.155 per Share - CA Tax,-4.06,;
Withholding Tax,Data,USD,2024-08-20,HYU(USY384721251) Cash Dividend USD 0.728767 per Share - KR Tax,-6.41,;
Withholding Tax,Data,USD,2024-09-04,WPM(CA9628791027) Cash Dividend USD 0.155 per Share - CA Tax,-4.07,;
Withholding Tax,Data,USD,2024-11-19,HYU(USY384721251) Cash Dividend USD 0.712489 per Share - KR Tax,-6.27,;
Withholding Tax,Data,USD,2024-12-06,WPM(CA9628791027) Cash Dividend USD 0.155 per Share - CA Tax,-4.07,;
Withholding Tax,Data,Total,,,-91.9,;
Withholding Tax,Data,Total in EUR,,,-85.0238545,;
Interest,Header,Currency,Date,Description,Amount;
Interest,Data,EUR,2024-01-04,EUR Debit Interest for Dec-2023,-36.74;
Interest,Data,EUR,2024-02-05,EUR Debit Interest for Jan-2024,-24.78;
Interest,Data,EUR,2024-10-03,EUR Debit Interest for Sep-2024,-7.44;
Interest,Data,EUR,2024-11-05,EUR Debit Interest for Oct-2024,-0.26;
Interest,Data,Total,,,-69.22;
Interest,Data,USD,2024-02-05,USD Credit Interest for Jan-2024,1.02;
Interest,Data,USD,2024-03-05,USD Credit Interest for Feb-2024,1.2;
Interest,Data,Total,,,2.22;
Interest,Data,Total in EUR,,,2.0547408;
Interest,Data,Total Interest in EUR,,,-67.1652592;
Interest Accruals,Header,Currency,Field Name,Field Value;
Interest Accruals,Data,Base Currency Summary,Starting Accrual Balance,-33.2;
Interest Accruals,Data,Base Currency Summary,Interest Accrued,-33.9700614;
Interest Accruals,Data,Base Currency Summary,Accrual Reversal,67.1652592;
Interest Accruals,Data,Base Currency Summary,FX Translation,0.0048022;
Interest Accruals,Data,Base Currency Summary,Ending Accrual Balance,0;
Interest Accruals,Data,EUR,Starting Accrual Balance,-33.2;
Interest Accruals,Data,EUR,Interest Accrued,-36.02;
Interest Accruals,Data,EUR,Accrual Reversal,69.22;
Interest Accruals,Data,EUR,Ending Accrual Balance,0;
Interest Accruals,Data,USD,Starting Accrual Balance,0;
Interest Accruals,Data,USD,Interest Accrued,2.22;
Interest Accruals,Data,USD,Accrual Reversal,-2.22;
Interest Accruals,Data,USD,Ending Accrual Balance,0;
Interest Accruals,Data,USD,Ending Accrual Balance in EUR,0;
Change in Dividend Accruals,Header,Asset Category,Currency,Symbol,Date,Ex Date,Pay Date,Quantity,Tax,Fee,Gross Rate,Gross Amount,Net Amount,Code;
Change in Dividend Accruals,Data,Starting Dividend Accruals in EUR,,,,,,,,,,,94.456516,;
Change in Dividend Accruals,Data,Stocks,GBP,GS71,2024-01-11,2023-11-16,2024-01-11,200,0,0,0.14,-28,-28,Re;
Change in Dividend Accruals,Data,Total,,,,,,,0,0,,-28,-28,;
Change in Dividend Accruals,Data,Total in EUR,,,,,,,0,0,,-32.606,-32.606,;
Change in Dividend Accruals,Data,Stocks,USD,HYU,2024-02-27,2024-02-28,-,40,27.97,0.8,3.177886,127.12,98.35,Po;
Change in Dividend Accruals,Data,Stocks,USD,HYU,2024-02-27,2024-02-28,2024-04-26,40,26.69,0.8,3.032695,121.31,93.82,Po;
Change in Dividend Accruals,Data,Stocks,USD,HYU,2024-02-27,2024-02-28,2024-04-26,40,-27.97,-0.8,3.032695,-127.12,-98.35,Re;
Change in Dividend Accruals,Data,Stocks,USD,HYU,2024-03-05,2024-03-06,2024-06-24,40,0,0.79,0.02,0,-0.79,ADR;Po
Change in Dividend Accruals,Data,Stocks,USD,HYU,2024-03-26,2024-03-27,2024-05-21,40,6.42,0.8,0.729298,29.17,21.95,Po;
Change in Dividend Accruals,Data,Stocks,USD,HYU,2024-04-25,2024-04-26,2024-04-26,40,26.68,0,3.032695,121.3,94.62,Po;
Change in Dividend Accruals,Data,Stocks,USD,HYU,2024-04-25,2024-04-26,2024-04-26,40,-26.68,0,3.032695,-121.3,-94.62,Re;
Change in Dividend Accruals,Data,Stocks,USD,HYU,2024-04-26,2024-02-28,2024-04-26,40,-26.69,-0.8,3.032695,-121.31,-93.82,Re;
Change in Dividend Accruals,Data,Stocks,USD,HYU,2024-05-21,2024-03-27,2024-05-21,40,-6.42,-0.8,0.729298,-29.17,-21.95,Re;
Change in Dividend Accruals,Data,Stocks,USD,HYU,2024-06-24,2024-03-06,2024-06-24,40,0,-0.79,0.02,0,0.79,ADR;Re
Change in Dividend Accruals,Data,Stocks,USD,HYU,2024-06-26,2024-06-27,2024-08-20,40,6.41,0.8,0.728767,29.15,21.94,Po;
Change in Dividend Accruals,Data,Stocks,USD,HYU,2024-08-20,2024-06-27,2024-08-20,40,-6.41,-0.8,0.728767,-29.15,-21.94,Re;
Change in Dividend Accruals,Data,Stocks,USD,HYU,2024-09-26,2024-09-27,2024-11-19,40,6.27,0.8,0.712489,28.5,21.43,Po;
Change in Dividend Accruals,Data,Stocks,USD,HYU,2024-11-19,2024-09-27,2024-11-19,40,-6.27,-0.8,0.712489,-28.5,-21.43,Re;
Change in Dividend Accruals,Data,Stocks,USD,IBTU,2024-03-13,2024-03-14,2024-03-27,1000,0,0,0.1302,130.2,130.2,Po;
Change in Dividend Accruals,Data,Stocks,USD,IBTU,2024-03-27,2024-03-14,2024-03-27,1000,0,0,0.1302,-130.2,-130.2,Re;
Change in Dividend Accruals,Data,Stocks,USD,IBTU,2024-09-11,2024-09-12,2024-09-25,1000,0,0,0.2114,211.4,211.4,Po;
Change in Dividend Accruals,Data,Stocks,USD,IBTU,2024-09-25,2024-09-12,2024-09-25,1000,0,0,0.2114,-211.4,-211.4,Re;
Change in Dividend Accruals,Data,Stocks,USD,MO,2024-01-10,2023-12-20,2024-01-10,100,-29.4,0,0.98,-98,-68.6,Re;
Change in Dividend Accruals,Data,Stocks,USD,WPM,2024-04-01,2024-04-02,2024-04-15,175,3.48,0,0.155,27.12,23.64,Po;
Change in Dividend Accruals,Data,Stocks,USD,WPM,2024-04-01,2024-04-02,2024-04-15,175,4.07,0,0.155,27.13,23.06,Po;
Change in Dividend Accruals,Data,Stocks,USD,WPM,2024-04-01,2024-04-02,2024-04-15,175,-3.48,0,0.155,-27.12,-23.64,Re;
Change in Dividend Accruals,Data,Stocks,USD,WPM,2024-04-15,2024-04-02,2024-04-15,175,-4.07,0,0.155,-27.13,-23.06,Re;
Change in Dividend Accruals,Data,Stocks,USD,WPM,2024-05-28,2024-05-29,2024-06-11,175,4.06,0,0.155,27.12,23.06,Po;
Change in Dividend Accruals,Data,Stocks,USD,WPM,2024-06-11,2024-05-29,2024-06-11,175,-4.06,0,0.155,-27.12,-23.06,Re;
Change in Dividend Accruals,Data,Stocks,USD,WPM,2024-08-20,2024-08-21,2024-09-04,175,4.07,0,0.155,27.13,23.06,Po;
Change in Dividend Accruals,Data,Stocks,USD,WPM,2024-09-04,2024-08-21,2024-09-04,175,-4.07,0,0.155,-27.13,-23.06,Re;
Change in Dividend Accruals,Data,Stocks,USD,WPM,2024-11-20,2024-11-21,2024-12-06,175,4.07,0,0.155,27.13,23.06,Po;
Change in Dividend Accruals,Data,Stocks,USD,WPM,2024-12-06,2024-11-21,2024-12-06,175,-4.07,0,0.155,-27.13,-23.06,Re;
Change in Dividend Accruals,Data,Total,,,,,,,-29.4,0,,-98,-68.6,;
Change in Dividend Accruals,Data,Total in EUR,,,,,,,-27.3108933,-0.0040188,,-91.0900743,-63.7751622,;
Change in Dividend Accruals,Data,Total Stocks in EUR,,,,,,,-27.3108933,-0.0040188,,-123.6960743,-96.3811622,;
Change in Dividend Accruals,Data,Ending Dividend Accruals in EUR,,,,,,,,,,,0,;
Financial Instrument Information,Header,Asset Category,Symbol,Description,Conid,Security ID,Listing Exch,Multiplier,Expiry,Strike,Issuer,Code;
Financial Instrument Information,Data,Warrants,HS0PW1,NVDA 18DEC24 450 P,642309173,DE000HS0PW15,FWB,1,2024-12-18,450,TUB,;
Financial Instrument Information,Data,Warrants,JL8KHG,NVDA 20DEC24 290 P,643129444,DE000JL8KHG9,SWB,1,2024-12-20,290,JPMSP,;
Financial Instrument Information,Data,Warrants,JS2GTX,NVDA 21JUN24 180 P,603538949,DE000JS2GTX3,SWB,1,2024-06-21,180,JPMSP,;
Financial Instrument Information,Header,Asset Category,Symbol,Description,Conid,Security ID,Underlying,Listing Exch,Multiplier,Type,Code;
Financial Instrument Information,Data,Stocks,ACTd,ALZCHEM GROUP AG,373291272,DE000A2YNT30,ACT,IBIS,1,COMMON,;
Financial Instrument Information,Data,Stocks,AG,FIRST MAJESTIC SILVER CORP,41855679,CA32076V1031,,NYSE,1,COMMON,;
Financial Instrument Information,Data,Stocks,BTCWUSD,WISDOMTREE PHYSICAL BITCOIN,393891829,GB00BJYDH287,,EBS,1,ETF,;
Financial Instrument Information,Data,Stocks,CCJ,CAMECO CORP,1447060,CA13321L1085,,NYSE,1,COMMON,;
Financial Instrument Information,Data,Stocks,CNDX,ISHARES NASDAQ 100 USD ACC,75961314,IE00B53SZB19,,EBS,1,ETF,;
Financial Instrument Information,Data,Stocks,FLXI,FRK FTSE INDIA UCITS ETF,373120090,IE00BHZRQZ17,FLXI,IBIS2,1,ETF,;
Financial Instrument Information,Data,Stocks,FLXK,FRK FTSE KOREA UCITS ETF,370361674,IE00BHZRR030,,IBIS2,1,ETF,;
Financial Instrument Information,Data,Stocks,GS71,GSK PLC,574757080,GB00BN7SWP63,,IBIS2,1,COMMON,;
Financial Instrument Information,Data,Stocks,GSHD,GOOSEHEAD INSURANCE INC -A,316073744,US38267D1090,GSHD,NASDAQ,1,COMMON,;
Financial Instrument Information,Data,Stocks,HYU,HYUNDAI MOTOR CO-REG S GDR,122291119,USY384721251,HYU,FWB2,1,GDR,;
Financial Instrument Information,Data,Stocks,IBTU,ISHARES US TREASURY 0-1YR,354802217,IE00BGR7L912,IBTU,LSEETF,1,ETF,;
Financial Instrument Information,Data,Stocks,IOGP,ISHARES OIL & GAS EXPL&PROD,94435154,IE00B6R51Z18,IOGP,LSEETF,1,ETF,;
Financial Instrument Information,Data,Stocks,ISAC,ISHARES MSCI ACWI,96155578,IE00B6R52259,,LSEETF,1,ETF,;
Financial Instrument Information,Data,Stocks,MO,ALTRIA GROUP INC,9769,US02209S1033,,NYSE,1,COMMON,;
Financial Instrument Information,Data,Stocks,NEM,NEWMONT CORP,10174,US6516391066,,NYSE,1,COMMON,;
Financial Instrument Information,Data,Stocks,SXLU,SPDR S&P US UTILITIES SELECT,199482937,IE00BWBXMB69,SXLU,LSEETF,1,ETF,;
Financial Instrument Information,Data,Stocks,TBK,PHILIP MORRIS CR AS,377060656,CS0008418869,,FWB2,1,COMMON,;
Financial Instrument Information,Data,Stocks,UEQU,UBS ETF CMCI EX AGRI USD,232646334,IE00BZ2GV965,,IBIS,1,ETF,;
Financial Instrument Information,Data,Stocks,UNA.DRTS,UNILEVER PLC - DIVIDEND RIGHTS 08/12/23,665127171,NL0015001S78,UNA.DRTS,CORPACT,1,RIGHT,;
Financial Instrument Information,Data,Stocks,UNVB,UNILEVER PLC,404271848,GB00B10RZP78,,AEB,1,COMMON,;
Financial Instrument Information,Data,Stocks,URNU,GLOBAL X URANIUM UCITS USD-A,557964627,IE000NDWFGA5,,LSEETF,1,ETF,;
Financial Instrument Information,Data,Stocks,WPM,WHEATON PRECIOUS METALS CORP,274836867,CA9628791027,WPM,NYSE,1,COMMON,;
Financial Instrument Information,Header,Asset Category,Symbol,Description,Conid,Listing Exch,Multiplier,Expiry,Code;
Financial Instrument Information,Data,CFDs,XAGUSD,USD XAGUSD,457068916,,1,2036-05-01,;
Codes,Header,Code,Meaning,Code (Cont.),Meaning (Cont.);
Codes,Data,A,Assignment;
Codes,Data,ADR,ADR Fee Accrual;
Codes,Data,AEx,Automatic exercise for dividend-related recommendation.;
Codes,Data,AFx,AutoFX conversion resulting from trading;
Codes,Data,Adj,Adjustment;
Codes,Data,Al,Allocation;
Codes,Data,Aw,Away Trade;
Codes,Data,B,Automatic Buy-in;
Codes,Data,Bo,Direct Borrow;
Codes,Data,C,Closing Trade;
Codes,Data,CD,Cash Delivery;
Codes,Data,CP,Complex Position;
Codes,Data,Ca,Cancelled;
Codes,Data,Co,Corrected Trade;
Codes,Data,Cx,Part or all of this transaction was a Crossing executed as dual agent by IB for two IB customers;
Codes,Data,DT,Discounted Trade;
Codes,Data,De,Delivery or Conversion Action;
Codes,Data,ETF,ETF Creation/Redemption;
Codes,Data,Ep,Resulted from an Expired Position;
Codes,Data,Ex,Exercise;
Codes,Data,FP,The fractional portion of this trade was executed against IB or an affiliate.;
Codes,Data,FPA,The fractional portion of this trade was executed against IB or an affiliate. IB acted as agent for the whole share portion of this trade.;
Codes,Data,G,Trade in Guaranteed Account Segment;
Codes,Data,GEA,Exercise or Assignment resulting from offsetting positions;
Codes,Data,HC,Highest Cost tax basis election;
Codes,Data,HFI,Investment Transferred to Hedge Fund;
Codes,Data,HFR,Redemption from Hedge Fund;
Codes,Data,I,Internal Transfer;
Codes,Data,IA,The transaction was executed against IB or an affiliate;
Codes,Data,IM,A portion of the order was executed against IB or an affiliate; IB acted as agent on a portion.
Codes,Data,INV,Investment Transfer from Investor;
Codes,Data,IPO,This transaction was executed as part of an IPO in which IB was a member of the selling group and is classified as a Principal trade.;
Codes,Data,L,Ordered by IB (Margin Violation);
Codes,Data,LD,Adjusted by Loss Disallowed from Wash Sale;
"Codes,Data,LI,""Last In, First Out (LIFO) tax basis election""";
Codes,Data,LT,Long Term P/L;
Codes,Data,Lo,Direct Loan;
Codes,Data,M,Entered manually by IB;
Codes,Data,MEx,Manual exercise for dividend-related recommendation.;
Codes,Data,ML,Maximize Losses tax basis election;
Codes,Data,MLG,Maximize Long Term Gain tax basis election;
Codes,Data,MLL,Maximize Long Term Loss tax basis election;
Codes,Data,MSG,Maximize Short Term Gain tax basis election;
Codes,Data,MSL,Maximize Short Term Loss tax basis election;
Codes,Data,O,Opening Trade;
Codes,Data,Off,Yes and No contracts offset to $1.00 cash settlement;
Codes,Data,P,Partial Execution;
Codes,Data,PE,Perpetual Investment;
Codes,Data,PI,Price Improvement;
Codes,Data,PTA,Post Trade Allocation;
Codes,Data,Po,Interest or Dividend Accrual Posting;
Codes,Data,Pr,Part or all of this transaction was executed by the Exchange as a Crossing by IB against an IB affiliate and is therefore classified as a Principal and not an agency trade;
Codes,Data,R,Dividend Reinvestment;
Codes,Data,RED,Redemption to Investor;
Codes,Data,RI,Recurring Investment;
"Codes,Data,RP,""IB acted as agent for the fractional share portion of this trade, which was executed by an IB affiliate as riskless principal.""";
Codes,Data,RPA,IB acted as agent for both the fractional share portion and the whole share portion of this trade; the fractional share portion was executed by an IB Affiliate as riskless principal.
Codes,Data,Rb,Rebill;
Codes,Data,Re,Interest or Dividend Accrual Reversal;
Codes,Data,Ri,Reimbursement;
Codes,Data,S0,Contract settled to zero value;
Codes,Data,S1,Contract settled to $1.00;
Codes,Data,SF,Trade is subject to IBKR Lite Surcharge Fee if volume of such trades exceeds 10% of the total monthly Lite trade volume;
Codes,Data,SI,This order was solicited by Interactive Brokers;
Codes,Data,SL,Specific Lot tax basis election;
Codes,Data,SO,This order was marked as solicited by your Introducing Broker;
Codes,Data,SS,Customer designated this trade for shortened settlement and so is subject to execution at prices above the prevailing market;
Codes,Data,ST,Short Term P/L;
Codes,Data,T,Transfer;
Codes,Data,Un,Unvested shares from stock grant;
Codes,Data,XCH,Mutual Fund Exchange Transaction;
Notes/Legal Notes,Header,Type,Note;
"Notes/Legal Notes,Data,Notes,""Stock exchange transactions generally settle on the trade date plus one business day (T+1). Options, futures and US open-end mutual fund transactions also settle on trade date plus one business day. Some exchanges and other transaction types may have longer or shorter settlement periods. Ending settled cash reflects the cash that has actually settled.""";
Notes/Legal Notes,Data,Notes,Initial and maintenance margin requirements are available within the Account Window of the Trader Workstation.;
"Notes/Legal Notes,Data,Notes,""Quantities preceded by a """"-"""" sign indicate sell transactions. Other transactions are purchases. """;
"Notes/Legal Notes,Data,Notes,""For shares traded on US markets, Interactive Brokers Ireland Limited (IBIE) acts as agent in executing the fractional portion of your order. In certain circumstances, IBIE routes that portion to an affiliate, which may execute it either as principal or riskless principal. If an IB affiliate executes as i) principal, the order will be executed at the price displayed for the opposite side of the NBBO from your order (the offer if you are buying and the bid if you are selling) at the time of execution, ii) riskless principal, the affiliate will execute that portion of your order at the price it receives for the execution of the whole share. The way in which the fractional portion of the order is executed is indicated by the codes associated with the trade. For shares traded on European Markets, IBIE will generally act as counterparty for any fractional portion of your order for shares, which it will execute as principal, for a total consideration which is equal to (or better than), the total consideration for the execution of a full share available at the European trading venues and SIs to which IBIE has access. In certain circumstances, IBIE may route a full share order to the available European trading venues acting in an Agency capacity and the fractional portion of the order will be allocated to your account at the price traded in the trading venue and the remaining fractional portion will be allocated to an affiliate. """;
"Notes/Legal Notes,Data,Notes,""In case of partial executions, commissions are charged on the total quantity executed on the original order. The commission is displayed on the first partial execution only.""";
Notes/Legal Notes,Data,Notes,Trade execution times are displayed in Eastern Time.;
Notes/Legal Notes,Data,Notes,Applicable regulatory fees for your transactions are available on the IB website at www.interactivebrokers.com/en/accounts/fees/exchangeAndRegulatoryFees.php.;
"Notes/Legal Notes,Data,Notes,""Borrow Fee Rate represents the cost to borrow stock expressed in percent per annum. It is applied to the collateral value on the stock borrow contract and is separate from any interest earned on credit cash balances. Similarly, Loan Fee Rate represents the benefit to lend stock. A positive rate indicates a cost to the borrower/benefit to the lender and a negative rate indicates a benefit to the borrower/cost to the lender. In general, the fee rates for hard-to-borrow stocks are higher than for normal availability stocks.""";
Notes/Legal Notes,Data,Notes,Interest Rate on Customer Collateral represents the interest paid on the collateral posted to the customer's account and received from lending stock.  A positive rate indicates a benefit to the lender.;
"Notes/Legal Notes,Data,Notes,""The closing prices on this Activity Statement are indicative and may come from third-party sources. Interactive Brokers does not warrant the accuracy of the prices provided by third-party sources. Due to time zone differences, certain non-US mutual funds may deliver closing prices after the Activity Statement has been produced and the closing prices for such funds will reflect the previous day's price.""";
Notes/Legal Notes,Data,Notes,All Market Data and Research services are provided through Global Financial Information Services (GmbH).;
"Notes/Legal Notes,Data,Notes,""Market data is provided by Global Financial Information Services (GmbH). Your local broker collects amounts owed for fees and tax for such data on behalf of Global Financial Information Services (GmbH). Note, you are responsible for any applicable taxes relating to the provision of these services.""";
"Notes/Legal Notes,Data,Notes,""Directive 2014/65/EU and its implementing measures (MiFID II) applies to all client funds and client financial instruments (Client Assets) on this statement except those Client Assets that are not classified as segregated assets, namely securities lent under the Stock Yield Enhancement Programme as identified in the IBKR Managed Securities Lent section of this statement and Client Assets noted as Not Segregated in the Collateral for Customer Borrowing section of this statement.  IBIE applies the MiFID II Client Asset protection requirements to funds and instruments that are not subject to MiFID II in the same way as it applies those requirements to Client Assets. IBIE is also subject to the client asset requirements set out in the Central Bank (Supervision and Enforcement) Act 2013 (Section 48(1))(Investment Firms) Regulations 2017.""";
Notes/Legal Notes,Data,Notes,RUS denotes Ruble balances that have been restricted by Russian authorities.;
"Notes/Legal Notes,Data,Mutual Fund Notes,""All purchase and sales of mutual funds are calculated against the published NAV (Net Asset Value) of the underlying fund and is displayed on this confirmation as the """"C. Price"""" (Closing Price). Due to any fees charged by a fund and/or any share rounding, the net price you pay may vary from the published NAV and is shown on this confirmation as the """"T. Price"""" (Trade Price).""";
"Notes/Legal Notes,Data,Fixed Income Notes,""Call features for bonds or preferred stocks may affect the yield. For zero coupon, compound interest and multiplier securities, there are no periodic payments and securities may be callable below maturity value without notice to holder unless registered. For asset-backed securities, the actual yield may vary depending on the speed at which the underlying note is pre-paid. For additional information regarding bond yield, please contact the IB Help Desk at: ibkr.com/help. If this debt security is unrated by a nationally recognized statistical rating organization, it may pose a high risk of default. You should consult an independent advisor to determine whether unrated bonds are appropriate for your portfolio in light of your goals and your financial circumstances. Fees charged by bond trading centers are included in the cost of bond transactions.""";
"Notes/Legal Notes,Data,Legal Notes,""Please promptly report any inaccuracy or discrepancy in this statement, or in your account, to Interactive Brokers Ireland Limited (""""IBIE""""). You can contact us by telephone or electronically through the IBIE website at, www.interactivebrokers.ie. If you report an error by telephone, you should re-confirm such oral communication in writing in order to protect your rights, including your rights under the Investor Compensation Scheme.""";
"Notes/Legal Notes,Data,Legal Notes,""Unless otherwise noted, IBIE acted as agent in the execution of the above transactions. IBIE may execute your trades through affiliates or third-party brokers who are members of the relevant exchange or market center. IBIE uses its affiliates Interactive Brokers LLC (""""IBLLC"""") and Interactive Brokers (U.K.) Limited to custody financial instruments.""";
"Notes/Legal Notes,Data,Legal Notes,""IBIE acts as agent or riskless principal in foreign currency exchange transactions and CFDs. Such transactions are executed against an IBIE affiliate, which acts as principal in such transactions and may have a long or short position and may have profited or lost in connection with the transaction.""";
"Notes/Legal Notes,Data,Legal Notes,""IBIE routes orders in US products through its US affiliate, IBLLC. IBLLC accepts liquidity rebates or other order flow payments from Alternative Trading Systems, market makers and exchanges for certain orders in US stocks. IBLLC receives payment for some US option orders pursuant to exchange-mandated marketing fee programs or other arrangements.""";
Notes/Legal Notes,Data,Legal Notes,Please promptly notify IB-IE of any material change in your investment objectives or financial situation or circumstances.;
"Notes/Legal Notes,Data,Legal Notes,""An up-to-date financial statement of IBIE is available for your personal inspection at www.interactivebrokers.ie or at its offices, or a copy of the financial statement will be mailed to you upon your written request.""";
"Notes/Legal Notes,Data,Legal Notes,""IBIE is a member of the Investor Compensation Scheme, which provides protection for customers in the event of the failure of IBIE. Further information on the Investor Compensation Scheme can be found at  www.investorcompensation.ie  .""";
Notes/Legal Notes,Data,Legal Notes,IBIE is incorporated under the laws of Ireland and registered with the Irish Companies Registration Office with company registration number 657406.;
Notes/Legal Notes,Data,Legal Notes,IBIE is regulated by the Central Bank of Ireland.;
"Notes/Legal Notes,Data,Legal Notes,""IBIE's Registered Office address is 10 Earlsfort Terrace, Dublin, D02 T380, Ireland.""";
"Notes/Legal Notes,Data,Legal Notes,""IBIE is included in the Central Bank of Ireland's register of authorised firms under number C423427. The CBI's address is New Wapping Street, North Wall Quay, Dublin 1, D01 F7X3. The CBI's website is www.centralbank.ie.""";
